{
    "train": {
        "box_loss": 0.93968,
        "cls_loss": 0.86342,
        "dfl_loss": 1.00915
    },
    "metrics": {
        "precision(B)": 0.7624841486326811,
        "recall(B)": 0.5331152010535722,
        "mAP50(B)": 0.6570013305560954,
        "mAP50-95(B)": 0.4378011498271207
    },
    "val": {
        "box_loss": 1.25353,
        "cls_loss": 1.23257,
        "dfl_loss": 1.19126
    },
    "lr": {
        "pg0": 3.9086999999999994e-05,
        "pg1": 3.9086999999999994e-05,
        "pg2": 3.9086999999999994e-05
    },
    "model": {
        "parameters": 2591205,
        "GFLOPs": 6.447,
        "speed_PyTorch(ms)": 2.679
    },
    "step": 29
}
